x,y,cluster,linkage_method
0.1433807895196633,-0.945363043225439,0,ward
-0.9127667423207017,0.3688514127397096,0,ward
0.6067765101269327,-0.7467647800857344,0,ward
-0.3321323970342599,-0.9674608618302062,0,ward
1.0131700516141844,0.6809207240994961,0,ward
0.6078011077550484,-0.0938313969918068,0,ward
0.0674510342788702,-0.9621109523840102,0,ward
0.2306129034236335,-1.0002361918424458,0,ward
0.7239135861874412,0.7528071443489448,0,ward
-0.8987046451043574,0.2895993728013761,0,ward
-0.5068489202848182,0.5343446867292877,0,ward
0.940068192182416,-0.4659302657063565,0,ward
-0.7787873396918839,-0.9893581080368664,0,ward
0.3398543702566531,-0.6908523928858948,0,ward
-1.058929474183917,0.3932000084589892,0,ward
0.1355027992154481,0.94101531494872,0,ward
-0.9330983516991148,-0.3331888015885971,0,ward
0.7752731330353826,0.3286721917713387,0,ward
0.4451461994874403,-0.8390619049436884,0,ward
-0.8088838440496433,-0.8796294186075146,0,ward
0.0552342887702866,-1.0859945701467422,0,ward
-0.7692005830247027,0.9977696494721592,0,ward
1.1567265981021178,-0.2154039599294665,0,ward
0.8344263515420279,-0.6631716237463982,0,ward
0.2237997118736372,-1.2415810358271897,0,ward
0.3633190377079536,1.002014626546132,0,ward
-1.0997115329978884,0.2333585153817104,0,ward
0.9195521250254468,0.2596759051906495,0,ward
0.5714175060474941,0.8327937417610748,0,ward
-0.3656474575819085,-0.8173241642905255,0,ward
-0.0377886550652946,-1.14781571522087,0,ward
0.8061597501104978,-0.1668962477194935,0,ward
-0.5124234954537248,0.9929244106897605,0,ward
-0.6670132367148289,0.706198166858663,0,ward
-1.1542430722079793,0.2235240541062265,0,ward
0.4130204176213564,1.0331313694819355,0,ward
0.871952418545379,0.9276177859400772,0,ward
-1.0967130616223013,0.1687263462409739,0,ward
0.1104828824757118,0.7561652886143728,0,ward
-0.4779289669189823,-0.8669479869495745,0,ward
-0.7607688792955085,0.3170718749047695,0,ward
0.4578373911041163,-0.8005902731639114,0,ward
-0.3771224947976132,-1.1672758499580898,0,ward
-0.4184311645267884,1.012581164363091,0,ward
0.4423409828154682,-0.7782330374560504,0,ward
0.2860486990741961,-0.798237086994744,0,ward
-0.7640564529774938,0.6527453902576634,0,ward
-0.1949788266538121,0.7939241971222849,0,ward
-0.3701099339643953,-0.8196409044091416,0,ward
0.6685099081156475,0.8055356709663325,0,ward
0.3632122053394596,1.1156622640798817,0,ward
1.0901468050465262,0.0504645622258118,0,ward
0.1509026230782233,-0.6387227231306597,0,ward
-0.5331248953620628,-0.8995400183057064,0,ward
-0.2809968356148102,-0.9709622027385368,0,ward
0.2037913521713939,-1.0423485677446367,0,ward
-1.2012653847998775,0.317170914202239,0,ward
-0.6271018010604085,-0.2890558289846334,0,ward
0.5818016403790285,0.7014537739784246,0,ward
0.8187199973132181,0.717513619515049,0,ward
-0.3741514004224762,-0.6646915290000008,0,ward
-1.2013060234097033,0.2205972084269067,0,ward
-0.967840985149357,-0.4205279534621048,0,ward
0.1060508471519146,-1.121986748400278,0,ward
-0.6058890310855275,-0.6847991373446088,0,ward
-1.0590794631342029,-0.3706474780396447,0,ward
-1.0809067936297532,-0.4217448022985044,0,ward
-0.3441394846974988,0.9760387517866328,0,ward
1.015814447927232,0.1991921439417362,0,ward
-0.959374532542376,0.4029241877843587,0,ward
0.1921095765230576,0.8490353612922403,0,ward
-0.8207643309275621,0.5315797353300148,0,ward
0.5911078552584543,-0.7780476617672085,0,ward
0.1065334746008194,1.0521293040012063,0,ward
1.0736720722893165,0.4119073282487489,0,ward
-0.1648078354467111,0.8249174335113646,0,ward
-0.2654233213563612,0.9446689180245462,0,ward
-0.6424235605731372,-1.0397642137817782,0,ward
-0.8320258329518487,-0.3116044325305028,0,ward
0.185310702014604,-0.8568530084429721,0,ward
-0.5283090318090854,-0.8845916005996795,0,ward
-0.9373196197390802,0.625131730494284,0,ward
0.3921625080969753,-0.9217588195363609,0,ward
0.5976722933858991,1.0398144413769053,0,ward
1.117047733147512,0.1604983334262784,0,ward
0.9507622315608264,0.6037731959663486,0,ward
-0.1871622664851337,-1.0668241425299525,0,ward
-1.310628457769029,0.3200832349400601,0,ward
0.5127813692032265,0.8224681242493623,0,ward
-0.6994565851253942,-0.0045916596058342,0,ward
0.7145712922792117,1.0141848440869208,0,ward
-0.3082013249334886,-0.8788717832123774,0,ward
-0.9585816961727333,0.3372641759016631,0,ward
-0.8773990914555806,0.8134013813524046,0,ward
-0.2416015801668133,0.7202177559417667,0,ward
-0.5549731722005952,-0.5930932310765391,0,ward
-0.490956074358846,0.5798886101074295,0,ward
0.7506394067710138,0.4609655887974487,0,ward
0.7861220857212202,0.7198971148134953,0,ward
1.0478651237265004,-0.2557683042304364,0,ward
0.8743065187143668,-0.5658513339480727,0,ward
-0.2449104853607734,-0.7490640870133674,0,ward
-0.0650535639023689,0.6502384218980766,0,ward
0.9893050206484704,-0.1940312442941899,0,ward
0.1669519952535905,-0.9141127421015656,0,ward
-0.2207698183033963,-1.045860752110204,0,ward
-1.0498174484773228,0.3457687635395386,0,ward
-0.142181850320023,1.010785210448677,0,ward
0.9158766125425628,0.6342006844277955,0,ward
0.8466615895698146,-0.5942303145222134,0,ward
-1.0381030132806932,0.2961137261607161,0,ward
0.263693694148621,0.8545386802081412,0,ward
-0.335108691999015,0.9135341242924584,0,ward
-0.9045933063055936,-0.4915434852676328,0,ward
0.4986897231949546,1.00628803512305,0,ward
0.5842193278200902,-0.7375999239594102,0,ward
0.0576869214049348,-1.0766307353306053,0,ward
-0.1830907077463122,-0.9425052976436256,0,ward
-0.894297410902956,0.4065468660297173,0,ward
-0.7834730264246855,-0.8065407744785617,0,ward
-0.6054282447050421,-0.3534332272963618,0,ward
-0.4741060509249359,-0.6512301169685448,0,ward
0.6707531992522776,0.3935278660893339,0,ward
-0.5611170485958775,0.3280129817612667,0,ward
0.8677294874179573,0.2322006982361248,0,ward
-1.1116222632161152,0.0419912510766112,0,ward
-0.4604353972291827,0.839261640382427,0,ward
0.6335206097564989,0.8117073870662305,0,ward
0.9263612309203728,0.7037854792844195,0,ward
-1.021876374151747,-0.6274841839533847,0,ward
0.4735232304704427,0.8689890223716313,0,ward
1.072326504687577,-0.5453586125892522,0,ward
-0.885140237516334,-0.4943234995290338,0,ward
-0.4999424093584174,0.717367357317869,0,ward
-0.7662275189333333,-0.4924680685996425,0,ward
0.7699480524499966,0.1110800655937486,0,ward
0.8375626612814673,-0.2231506699638958,0,ward
-0.9404537983533684,0.1050028837296302,0,ward
0.2288522901481198,-1.096919087710374,0,ward
1.0919367945134544,0.6249228627631771,0,ward
-0.7898892826011509,0.066370519067967,0,ward
-1.0571195092747698,0.0617951093095897,0,ward
0.7803397396710258,-0.3213536555767473,0,ward
-0.964245683976022,-0.4665934818479267,0,ward
-0.96676825286749,0.1625416362534991,0,ward
-0.0772216201713604,0.7212419405748016,0,ward
-0.5586502323857429,0.9928686014163156,0,ward
-0.9015906785451464,-0.1177693356698273,0,ward
-0.8529791660310867,0.3444852446141785,0,ward
0.8318086362691294,0.1136529771894984,0,ward
0.4159440048791437,-0.8002109412131746,0,ward
0.8456046246315729,-0.6460955665906003,0,ward
0.618157222048661,0.7496093305923635,0,ward
-0.9893999757077382,-0.3494520135419434,0,ward
0.818324377944438,0.664732266238375,0,ward
-0.5623547405628424,-1.0579219983597807,0,ward
-0.1849643888629574,0.9303741894317512,0,ward
-0.4195074750677471,-0.6557675549004212,0,ward
-0.1671033601198335,-1.1479851370784444,0,ward
0.1110852265628607,-0.9437616330386132,0,ward
0.9098038250310768,0.7311544641701824,0,ward
0.9136443222472104,-0.5325168463304233,0,ward
0.1215600364657999,0.972763502676553,0,ward
1.0233756152383775,0.245096149287144,0,ward
-1.216636665151844,-0.4367426224516305,0,ward
-0.9033410018778876,0.9508579156208984,0,ward
0.4855972203449563,-0.8860688400604733,0,ward
0.3664872523389086,-0.9562016758808852,0,ward
-0.4755446549729051,1.0596182888610597,0,ward
0.8351931362160051,-0.2546464676569164,0,ward
-0.2669750335796141,1.0154513776522005,0,ward
-0.9916660410927908,-0.0940991950685071,0,ward
-0.0392353631429386,1.0463508794538134,0,ward
0.8052916884469644,-0.3422294332532343,0,ward
0.3892821643836398,0.6545536317638538,0,ward
0.6618006064468119,0.1918678812148226,0,ward
-0.7641334225009443,0.3301169368257955,0,ward
0.930130379565049,-0.0445927058070821,0,ward
0.7430081301583038,-0.6015941920596218,0,ward
-0.0112874021877779,-1.2905353138353817,0,ward
0.9020299975689524,-0.7386896333909259,0,ward
0.67097400390221,-0.5310301175999127,0,ward
-1.0447787602771308,-0.1243790741521664,0,ward
-0.3779211482702128,0.8595235135361355,0,ward
0.1319869719581675,-0.9482034067909404,0,ward
-0.5416342159325183,-0.8735003416560484,0,ward
-0.7662349673263259,0.7792696577958201,0,ward
0.7867747509787106,0.5308461295254464,0,ward
-0.0233887975042922,-1.1593418287351185,0,ward
-0.0648148204282869,0.8261707370377179,0,ward
0.9230963256877596,-0.3870346190509968,0,ward
0.0787975517027045,1.387415226814219,0,ward
0.7409896768383061,0.7204012246428825,0,ward
0.592751192572791,-1.060578951176752,0,ward
0.5788046815559778,0.832243746013531,0,ward
0.4673890131781616,0.9815141031766316,0,ward
-0.804380208419926,-0.5796637554960041,0,ward
0.6871336569782728,-0.6909257809866876,0,ward
0.2916301376798562,0.8335334318024146,0,ward
-0.3938973461195779,0.988990076667322,0,ward
0.1494546898320905,-0.8593702575631805,0,ward
1.082650476716764,-0.1936778241357442,0,ward
-1.162780441510364,-0.005415119589403,0,ward
0.6523634393925798,0.8290983860472214,0,ward
0.9533958933636634,0.0836974494443827,0,ward
0.1361576585225758,1.0593807968007505,0,ward
0.644849536391929,0.7026456699458473,0,ward
-0.500655541939107,-1.0245492938382426,0,ward
0.5229614496868302,0.502549084564051,0,ward
-0.9489078978383468,-0.0377600034290949,0,ward
-0.2406390362320598,-0.6588051568578694,0,ward
-0.6771482621397366,-0.3784760718325076,0,ward
0.3738500107092982,1.14509717602039,0,ward
0.3783465754784047,-1.0693174817770874,0,ward
-0.1923731038914622,-0.8710887925755314,0,ward
-0.0535732551591933,-0.772769690021686,0,ward
0.377444388767976,0.4073288410104984,0,ward
0.6545257445693112,0.6443551917047886,0,ward
1.2243030749559514,-0.5991833467617871,0,ward
-0.852164330906394,0.6391686256264443,0,ward
-0.2882675586641958,0.8695259366640636,0,ward
-1.0670112557258806,0.0766667074610652,0,ward
-0.3986634080139579,-0.6539138156190645,0,ward
0.918502800547449,-0.2629536521372799,0,ward
-0.2303894229236885,0.9884263303258656,0,ward
0.8789590517393202,-0.4491854734624558,0,ward
1.1050028971452248,0.1740153902819801,0,ward
-0.989077218409638,-0.3574806027788549,0,ward
-0.7329071600114732,-0.8206063262808285,0,ward
0.705456576908027,0.5536073540012016,0,ward
0.7214002104771102,0.8758213232545107,0,ward
-1.0870710986406558,0.6055244101788323,0,ward
0.8353167767786535,-0.1799383326934381,0,ward
-0.7137441507100741,-0.4919254731147933,0,ward
1.095637015648982,-0.490369275324146,0,ward
0.3253433020551253,-0.9151897735045708,0,ward
-1.185237948072999,0.2463706564025162,0,ward
0.2023083778331126,-0.9114367550508524,0,ward
1.2106141315420105,0.1362466294814641,0,ward
0.7891945511497613,0.6457605571553863,0,ward
0.4971429540694285,-0.9120405024080946,0,ward
0.3579867761349423,-1.1816719428752636,0,ward
0.1029482056959915,0.9401145015228748,0,ward
-0.8428313865837073,-0.1650064180547447,0,ward
-0.7333260158636515,-0.5763600555601762,0,ward
0.7198614856313933,-0.7887352291883853,0,ward
-0.6101106149722333,-0.4617340673663248,0,ward
-0.93442748980444,0.5720400711549529,0,ward
-0.6466206995450635,0.6532851235257082,0,ward
-1.0473461223861629,0.5263583009565761,0,ward
-0.3703704856749329,-0.5229994895239096,0,ward
0.5935688212385174,-0.6524007591886937,0,ward
-0.7159062169048933,0.2133817630259207,0,ward
0.011891722456133,0.875984867150867,0,ward
0.086814412523628,1.0335101073906985,0,ward
-0.0243672123506612,-0.9728108759933292,0,ward
0.3907372738938362,-0.8790651946446542,0,ward
0.7702414094754889,0.5996189254342381,0,ward
0.9416998264084884,0.4185076601422147,0,ward
-0.7036525780054037,-0.474550311569941,0,ward
0.6714312804725996,0.8789065634107648,0,ward
0.4970491460503397,-0.980623412306263,0,ward
-0.3914530501329973,0.9826553875294628,0,ward
0.6701238467161367,0.8513888512471898,0,ward
0.9183207883308432,-0.4975834218139641,0,ward
0.660674712153975,1.12570652963287,0,ward
-0.213599064509826,0.9635444253919891,0,ward
0.5430458397917269,0.7842818388192068,0,ward
0.663517385550297,0.5886102197450942,0,ward
0.8377103783027128,0.1119721433420638,0,ward
0.7645589983437073,0.2774057992353119,0,ward
0.3952032482160408,0.7713295751949105,0,ward
0.9342646368353548,0.3256652844273807,0,ward
-0.8825992846120416,-0.5690531513775458,0,ward
-0.4249478783821326,-0.9136852670381712,0,ward
-0.6947269509289015,0.5485251829190517,0,ward
-0.4702699702646597,1.0330217809332536,0,ward
-1.1104626854058357,-0.0315891715723536,0,ward
0.6901949526780223,-0.6901520887946282,0,ward
0.5353945590526198,-0.725995565624628,0,ward
1.0421367647496886,0.2919704376367068,0,ward
0.4290063606551235,0.9344199459178438,0,ward
0.0651181221424749,0.7800676797124686,0,ward
0.0038087271894824,0.9897956336506836,0,ward
-0.9369361787980732,-0.4497846737437733,0,ward
-0.7480506334686026,0.4344242796732755,0,ward
0.9796179875687784,0.3132291937918944,0,ward
-0.5479650869023435,0.5575921075392232,0,ward
-1.1870836510733274,-0.178492533373384,0,ward
0.953075595196812,0.7078650553426785,0,ward
0.4817166164856732,-0.8328436910390109,0,ward
0.9988134148757168,0.3382015558348998,0,ward
0.5686298010308487,-0.2904433627536726,0,ward
0.6713880656761467,0.4820989682571072,0,ward
0.5302134862314967,-0.7954130179887257,0,ward
0.6870389087027325,-0.4818720668935511,0,ward
1.0980508787287673,-0.1417263738196547,0,ward
0.4172966862385069,-1.2307758882480857,0,ward
0.1516536937552974,-0.8094234002029358,0,ward
-0.5467716826963778,-0.6823356704895385,0,ward
-1.1310990344904244,-1.6443366802935622,1,ward
1.997365126797837,-0.3834229934223643,0,ward
2.132098598211633,-0.2072467817156511,0,ward
-0.4361358828536215,1.7807021138882058,0,ward
-0.1858911483096628,-1.8147081492811403,1,ward
-0.0001899053438341,-1.8360014114955387,1,ward
-1.1643274032767803,1.6791574783779966,2,ward
1.5572017248666017,1.5352406422809812,0,ward
1.8716013053716165,0.4924338526996514,0,ward
0.2777632169624672,-1.60082603248695,1,ward
-1.7407491551441026,0.112816107028108,2,ward
1.8673111184490288,-0.1701206404978005,0,ward
-1.8701192323521472,0.4183486683476914,2,ward
1.920109263156123,-0.268141417509142,0,ward
-1.7041014713023404,1.057932105861423,2,ward
0.5293863438419072,-1.8801300434791228,1,ward
1.8582115254338376,1.096097052948159,0,ward
-1.784480553418325,-0.6483064533911197,0,ward
0.6010394021924756,-1.7714659712366907,1,ward
1.8442488700856583,-0.944050405635948,0,ward
0.7793695474146558,-1.5887911408875808,1,ward
2.0031654771762857,0.4738775536021906,0,ward
-1.4043696913864478,1.4455152424479905,2,ward
1.8860143887568008,0.5957964127348028,0,ward
1.7310108347799888,1.4189172373665846,0,ward
-0.8623456183566244,-1.7005135296981186,1,ward
-0.5283336114073266,-2.247788054906356,1,ward
0.2919593890729385,-1.9443878935816976,1,ward
1.1998342137919953,-1.3531002697318135,0,ward
-0.1334064323926547,-2.0060569456570283,1,ward
0.5777145785766239,-1.745439938657581,1,ward
1.7986278706257353,0.5714891543603193,0,ward
0.1998091311543178,2.049839771432484,0,ward
-1.501574568394822,-1.444149637858774,0,ward
1.19797154530604,-1.483331770389685,0,ward
2.1472521406415472,0.0607299946367107,0,ward
-2.1644500585280984,-0.1995160235987867,2,ward
-0.977317913414598,-1.988227203217684,1,ward
2.0435351227787115,0.3846017599377702,0,ward
-1.7944611665748862,1.28054381049508,2,ward
1.361580971168183,-1.0474778105135885,0,ward
-0.9231496717363612,-1.7202687892603703,1,ward
0.1448595389102026,1.8643298441447391,0,ward
1.214426773029098,-1.6115281451965715,0,ward
-1.1059459036188903,1.5624857108077073,2,ward
1.194241465533498,-1.573122311351058,0,ward
-0.6908552385749772,2.1752544836750807,0,ward
-1.6650286745881684,-1.0613650376548691,0,ward
-1.6446387667896456,1.2439016275117942,2,ward
-0.3052849217721317,1.9413019785753505,0,ward
1.521685983408607,-1.3153055622045693,0,ward
0.7646239841748265,1.8490432622294792,0,ward
1.7806122499497483,1.0502079938972717,0,ward
-1.1874600320868447,1.8219980462952432,2,ward
-0.4537611962266659,-2.200818048473358,1,ward
0.7225434065765167,-1.9146435773136825,1,ward
2.0883669356569348,-0.0164893335219071,0,ward
-0.5248189968177142,1.7503849063089594,0,ward
-1.6636201361584362,1.0861932375781986,2,ward
1.3974267350123162,1.6221175806496948,0,ward
-1.8985280865608545,-0.9654248160530776,0,ward
2.031506600937204,-0.0308915895254162,0,ward
-0.6478813465078287,-2.0321821417501047,1,ward
-1.7134864560712273,-1.1678370431770575,0,ward
-1.7002524313229104,1.36445665551988,2,ward
1.7607930776117815,-1.0368737282076743,0,ward
-1.946279940782192,0.0377111631946948,2,ward
1.362045255477673,1.5326040703855603,0,ward
-1.0346986369892994,1.1680242854948986,2,ward
1.8769201721521924,0.842734028421527,0,ward
0.4317063160605863,1.3871112337395082,0,ward
1.730759979001632,0.1929357101938192,0,ward
-1.9793113291201991,0.5983142631836005,2,ward
-1.3744761282498164,-1.5499883052011572,0,ward
-1.00990083314604,1.5208701306085186,2,ward
-1.6611933872975642,0.9080665253865297,2,ward
2.1335372731696123,-0.5591126055613137,0,ward
0.0237731586166549,-1.9272488615308252,1,ward
-2.2598743434094466,-0.5932206156370384,1,ward
-0.4305920813411114,1.952802762828811,0,ward
1.6443932309149736,-1.2427947185624677,0,ward
0.209678458769358,2.2327070892727905,0,ward
-0.9207767982336876,1.79754628310847,0,ward
1.5558592756341294,-1.000250532996794,0,ward
-1.949468302566396,-0.3660707156132052,2,ward
-0.0962402873200004,-1.9923352875920457,1,ward
-1.511294163967561,-0.9690467757672294,0,ward
-1.118454308329624,-1.6115313659593336,1,ward
-0.57666691702552,1.7984810577981205,0,ward
0.115881637280798,2.135511868119027,0,ward
-0.8820758205870947,1.8007599300956347,0,ward
1.0958272942438254,1.6221234521471457,0,ward
1.3968943963243554,-1.4089821026889806,0,ward
-0.4217019894359733,1.9892613630287843,0,ward
-1.9382841284778676,-0.788481770008532,0,ward
0.4822810450276865,-1.786075224776038,1,ward
0.3888990636966433,-1.802280582096688,1,ward
-2.005431671061644,0.8176236638855457,2,ward
-1.91662307275704,0.2880613855006688,2,ward
1.7864833232208546,-0.0594938180916181,0,ward
-0.9428579614966054,-1.8389503279847048,1,ward
0.8175829246954102,-1.901160449660108,1,ward
1.4487914106192463,-1.0174938826031512,0,ward
0.4760429847673865,-1.9779426174009436,1,ward
0.8359330744711712,1.93771517679823,0,ward
-1.9012660787227649,-0.7829258497868087,0,ward
1.6799528644676485,1.2513727569472124,0,ward
-1.025004702584984,-1.4666878550226363,1,ward
1.969522470195558,-0.5675130421738802,0,ward
-1.9483559537136703,-0.1561977692533419,2,ward
-1.759151230232625,0.788008436837376,2,ward
2.076781811526241,0.4757758737264781,0,ward
2.1513013957278706,-0.555610209946947,0,ward
1.810296573083136,1.3681714212161853,0,ward
2.124437697466682,0.5608434599894322,0,ward
0.0490166283936494,1.982934138329288,0,ward
1.8813381060984695,0.8215827940075473,0,ward
-2.031479993862658,0.588568727704657,2,ward
-2.0078749072021704,-0.2036553921554056,2,ward
-0.7736930428836137,1.865540758541428,0,ward
2.015631449302124,0.6683932579037093,0,ward
1.521335307394824,1.284542085562413,0,ward
-1.4142648579801678,1.2546910324690927,2,ward
1.7993693314332224,0.7193409468728086,0,ward
-0.6700387746108437,-1.985053077480729,1,ward
0.533674987333763,1.9279489578849347,0,ward
-0.6591389017994471,1.942232248700896,0,ward
-1.652633325983064,1.2965158211395456,2,ward
-1.6830090868473846,0.9724900634980692,2,ward
2.1133221705931007,0.0220523325274653,0,ward
1.5676232698930708,1.331575038976093,0,ward
1.1808963498477425,-1.3780069427838777,0,ward
2.216279201278373,0.0171711002243891,0,ward
-1.9223543100036984,-0.0987361624231921,2,ward
-1.7479263259328957,0.1154621868313049,2,ward
-0.91922182636462,1.5976788244729894,2,ward
-1.67757204789461,0.772387160152825,2,ward
0.3834280575637204,-1.9708749737385616,1,ward
1.0621221626364292,-1.645987112812552,0,ward
-0.1266691178452677,1.9453556253098043,0,ward
-0.9206601264217826,1.879586868900192,0,ward
0.0968351716529271,2.048694037581589,0,ward
-2.031041773751204,0.2583514591332071,2,ward
-0.8393642037560343,-1.8828552502914375,1,ward
0.2850219668724892,2.0729169719519764,0,ward
-0.8179926078548321,1.4717656411529574,2,ward
1.7621875730659855,-0.8240269102806597,0,ward
1.595670544637113,0.5026520492379299,0,ward
-1.9447942796858368,0.4893264993254911,2,ward
-0.4782261960467167,-1.9412677314141376,1,ward
1.2627700173586311,1.7485213316486865,0,ward
2.0823622375636264,0.6388144056328853,0,ward
1.3117942321059348,1.549769682975306,0,ward
1.6799399372838142,-0.9397969396926256,0,ward
2.0692669653276226,0.1205278934380036,0,ward
0.7258881714725428,1.778371857440709,0,ward
1.961283482632204,0.3905528818564008,0,ward
1.6495732022650431,1.3756709269833254,0,ward
-1.39571648625463,-1.3131308510874036,0,ward
0.1113661921204257,2.117925851243867,0,ward
-1.9060005596475968,-0.8853967029870395,0,ward
-1.5665096794805142,-0.9968369729457838,0,ward
1.2552687275732812,-1.7406830465075955,0,ward
2.103851015532753,0.0626944797381463,0,ward
1.218806210710143,-1.6049612777586264,0,ward
-1.3817042804024282,-1.283189304206846,0,ward
0.9752151609622728,1.596885113521635,0,ward
0.2756599570217775,-1.899452122455705,1,ward
1.280771335048342,-1.640672320179917,0,ward
-0.0497306384918531,1.855990086454451,0,ward
1.802528109909708,-1.008814474484946,0,ward
-1.739984711483102,0.5119510858781159,2,ward
-1.567995862431917,-1.1915891970155084,0,ward
2.00707536257524,-0.1941845793690786,0,ward
-1.5261658111824985,1.80898200264796,2,ward
0.6931637156067318,-1.6540305723868085,1,ward
-0.9253118362819286,2.0188512452431278,0,ward
0.6154668875957436,-1.9265542155669384,1,ward
-1.662324899006304,-1.2195011208449011,0,ward
0.4233697814443086,1.972836008475184,0,ward
-1.7724323671324271,1.062906246369819,2,ward
-0.8150773967772957,1.801102219378414,0,ward
1.9563052875743463,1.0454045265410656,0,ward
1.8976913586322024,0.3599625726541628,0,ward
-1.2362487082949782,1.7832200831337113,2,ward
1.8897493935153296,0.227088440385879,0,ward
1.0082255354771743,1.716802796824194,0,ward
-0.2856225697519733,-1.81689214039474,1,ward
-0.5383417015706781,-1.996962942256384,1,ward
-0.1589201567430846,-2.2110650626209054,1,ward
-0.8143026045251155,1.814009977891142,0,ward
1.51842457065718,-1.255837407276587,0,ward
-1.523408173206219,-1.0190243897428592,0,ward
1.3809015670634168,1.39882744117075,0,ward
1.0905468063164183,1.382791908553375,0,ward
-0.6520230735083629,-1.745247664230128,1,ward
0.946759830439646,1.8002429472497166,0,ward
-2.1955450780195203,-0.1006734070395758,2,ward
2.4181484969488616,-0.1250873329149875,0,ward
1.911406105225155,0.0481403807741995,0,ward
2.20328546071427,0.2303588933270542,0,ward
2.0346406829407884,-0.0884625523966177,0,ward
-1.7042359887396017,-1.0026693439397003,0,ward
1.442470183344224,1.477513805448537,0,ward
1.6052957720912409,-1.208412856378302,0,ward
1.4733028400448636,-1.3769133557520323,0,ward
-1.8888149811229684,-0.4371837471320047,2,ward
-1.2911790232602838,-1.240149959876556,0,ward
-0.2567348914475267,1.7497212910152455,0,ward
1.9931763495805896,0.6548254494029883,0,ward
-1.6228179245585848,-1.096432668168293,0,ward
-0.5302139459901196,1.835542038785951,0,ward
-1.0336186952785946,-1.713691161377219,1,ward
1.0930190019164414,-1.815623020384542,0,ward
2.013872581911116,0.2307976181879588,0,ward
-1.5679602342200654,-1.0758958702948556,0,ward
0.2562789179840053,2.1688550582923907,0,ward
1.5706266815953025,-1.592719131874331,0,ward
-0.0477533862490977,2.0736337185518683,0,ward
-1.646920919262468,-1.375928797849615,0,ward
-2.063745203352192,-0.721690507064515,0,ward
-1.7239528381046287,1.317111044025828,2,ward
-0.9189774387756486,-1.8794746935710136,1,ward
-0.3169243433459865,-2.065580456091306,1,ward
-1.8968583905413685,-0.8484106613246065,0,ward
0.0970812128202185,-1.83283005424908,1,ward
2.0936919597999317,-0.2189421448521448,0,ward
-1.5704236231657505,0.872720728769415,2,ward
-1.8729202515518293,-0.17209385482612,2,ward
2.1887992223191985,0.1718454174394435,0,ward
0.606325995063576,-2.037740221070177,1,ward
-2.2051747808342435,-0.2818175250188925,2,ward
-1.6406663641612729,1.070920122203039,2,ward
1.5171735976681893,1.018188445769021,0,ward
1.5105314841313149,-1.255122720388282,0,ward
-1.5924592938778028,1.235122022054067,2,ward
-0.8269642738342836,-1.834029362359064,1,ward
1.2824182914628997,1.7505797097257425,0,ward
1.8893004215888225,-0.4655301055590604,0,ward
0.8921853234839237,1.8487872829781515,0,ward
0.5772741516988474,1.7594230293005415,0,ward
1.307696460438559,-1.6014627723828332,0,ward
1.7062210866816414,-1.0443538437204587,0,ward
0.4446996738024719,1.8343947634302509,0,ward
-1.929364608389079,0.3705481602601479,2,ward
-0.2041777302184592,-1.961777057274808,1,ward
1.4145484433088384,-1.3559505003108316,0,ward
-1.642364310356159,1.560782283936973,2,ward
-1.9738929112408208,-0.211889676280711,2,ward
-0.1021444028215314,-1.9607568116414695,1,ward
-0.1992944935763432,-1.6735577049969348,1,ward
0.3836552188309458,-1.8259998397079915,1,ward
-1.7742956756107595,-0.8340191679061625,0,ward
1.501828187502435,1.1591308606533972,0,ward
1.8175372294991323,-1.2524129041842582,0,ward
1.3115840649496249,-1.4769552044330667,0,ward
0.6527733975712326,-2.09387330900064,1,ward
1.6265418860427991,1.1796058414870954,0,ward
0.5668286397926213,1.9238173452745968,0,ward
-0.0798630816709528,-1.9850746655387703,1,ward
1.979461371915564,0.2898460838555091,0,ward
2.2386104819015733,-0.293889227527614,0,ward
-1.183816896753972,1.1523343621498925,2,ward
-0.3257138569772898,-1.6682692251159834,1,ward
1.4594137675654684,-1.2453301706054407,0,ward
-1.5791739276021943,1.2308254077567036,2,ward
-0.8852456744814412,1.9081714397046663,0,ward
-1.6060959289967234,-1.3074188098531134,0,ward
-1.6962559655967666,-0.9463034197255448,0,ward
-1.8114569406186716,1.1633636982156768,2,ward
-1.7288209643153372,-1.2857583843905742,0,ward
1.862771473915536,-0.8007992093200761,0,ward
-2.100226465073645,0.4330061257515334,2,ward
0.6702683284784873,1.927692940613352,0,ward
-1.3733049584633563,1.3357533817104663,2,ward
-1.6557533990701994,1.2992794628313429,2,ward
1.3701783574890565,1.479612934395596,0,ward
1.0411184191426714,1.707886526021655,0,ward
-0.887647976119655,-2.0358460253382407,1,ward
-0.870139885308905,1.3811175627569807,2,ward
1.716059695962778,-0.4997496942856683,0,ward
0.0732820158173721,1.820465065517464,0,ward
1.5816429156176133,1.1328805588595623,0,ward
0.0431951827503946,-1.961333180270515,1,ward
1.3009956933217248,-1.205875410639205,0,ward
-0.3254811002897315,1.8234045908168013,0,ward
0.5547383171082871,1.786738363979488,0,ward
0.9302148450223098,2.178309159332702,0,ward
-2.248582051014986,-0.312993761188045,2,ward
-1.900198709254632,0.3821123007087365,2,ward
-0.115322140076726,1.9420414949290672,0,ward
1.7544957117195694,0.5117982711534107,0,ward
-1.7022047889482512,0.1988523226132203,2,ward
1.9180999960125809,-0.5010705194439785,0,ward
-1.0637623440902777,-1.513968932445307,1,ward
-1.9864804354561496,0.0560994816287592,2,ward
1.3511884398752347,1.1277327310165222,0,ward
-0.0288645951984714,1.8854829021627355,0,ward
-0.5614432398930443,1.942795607073196,0,ward
0.1908608084157021,-2.0460487221826416,1,ward
-2.9474070024820844,-0.4084962592234815,1,ward
-1.311519919956086,3.0438727990641423,2,ward
-2.5589086652994406,-1.0901080066747313,1,ward
-1.3080856408243795,-2.634527712168953,1,ward
2.979260254151851,1.313297091786501,0,ward
3.0674277558981395,0.0205737935349386,0,ward
0.7242606226386624,2.998260838066414,0,ward
2.378358722851796,-1.8565643524002735,1,ward
-1.849451743539528,-2.4246498396120884,1,ward
1.46770034639255,2.7494198467195625,0,ward
2.22102186442914,-1.8311929780842044,1,ward
-3.076075042887614,0.5876752981632088,2,ward
-2.762583489871096,0.4181451126022283,2,ward
2.802575463689088,-1.2014691091334238,0,ward
2.8178368534397764,1.105161151969854,0,ward
0.6310848885184571,2.838241351690902,0,ward
-2.571874266067196,-1.537874374172632,1,ward
0.976217717240887,2.7377788162274563,0,ward
-1.216521148257294,-2.565421473302608,1,ward
0.6592510292642302,2.87227232154878,0,ward
2.3018716934119112,1.6538499722292392,0,ward
0.8139031947647065,2.9377582893763217,0,ward
-2.500778825576884,1.319389629827374,2,ward
1.3906218190530617,2.778192898431283,0,ward
1.8708304794718105,2.11378091193773,0,ward
1.862101703788949,-2.2427945390026656,1,ward
-1.244005505533598,2.62661096219128,2,ward
-2.0506999330709967,2.454948502959591,2,ward
2.867497590716551,1.0378694888441684,0,ward
-1.853971962138265,2.318024211130221,2,ward
-0.285656053429422,3.061510140506176,0,ward
-2.062773081945578,-1.7170905452388152,1,ward
0.8281161463567924,2.876707367610382,0,ward
2.5206718617938013,-2.1292610314900817,1,ward
2.7297444469247,-1.2915112121835028,0,ward
2.43716920343406,1.766757453798424,0,ward
2.4066322412200627,1.9256678850235005,0,ward
2.346847364926296,2.077594669717384,0,ward
-1.97348804350742,-1.8432029365453717,1,ward
1.979529455645969,1.905531239424611,0,ward
1.81840709408325,-2.425624209719045,1,ward
0.0776288835714284,-2.8917267232485124,1,ward
1.3576579743240431,-2.894187155705049,1,ward
-2.9132282714183666,-0.4813305754603019,1,ward
2.7092298353040976,-0.0565706957995556,0,ward
2.702257917148871,0.7699132796270788,0,ward
-2.105392843862597,1.5042369212114182,2,ward
-1.3283483055557213,2.65066239416392,2,ward
2.818377267955516,-0.9423387681562688,0,ward
-2.6005240173709585,-1.3635659828526816,1,ward
1.0932635483873885,-2.966808975728549,1,ward
1.525892640015107,2.7897382716806147,0,ward
2.947679434101216,-0.3981075201368887,0,ward
-2.679698046881304,0.0229065607541796,2,ward
-3.090148144441527,0.1229275811767103,2,ward
3.031855113030269,-0.5609084964382669,0,ward
-2.230308992460563,2.07516938634505,2,ward
-2.5170822070392407,1.8892599724748211,2,ward
-2.4340653380228856,-1.434402033790549,1,ward
2.289180699773837,2.378722615372369,0,ward
-1.2336615357488754,2.5759086792217167,2,ward
1.0871808806354195,2.9163278973121387,0,ward
2.1885064343872136,1.6600865525975428,0,ward
1.9070384042806043,-2.132003197651079,1,ward
-2.7322740142470647,-1.7178901027889988,1,ward
-1.8682363001307147,2.297044804160353,2,ward
-2.6252633914227443,1.6969960356122995,2,ward
-2.758852002814408,1.266198563883138,2,ward
-1.9994219178755728,-2.215422650138142,1,ward
2.8712968645090524,-1.4230149618849175,0,ward
2.703995220690565,-1.2151860231173663,0,ward
-2.121964883923205,1.7221930406500747,2,ward
-1.3755081839959624,2.5297387281146766,2,ward
-2.93800198173042,0.9333020349382646,2,ward
-2.784834825764472,-1.2665594366759785,1,ward
-2.6857547810428186,0.6569790262903695,2,ward
-1.5683355490278637,-2.4290369408697963,1,ward
-2.7442488556829856,-0.9763006697136144,1,ward
-1.265964811842767,2.659213368840135,2,ward
-1.580836342512275,2.3033084548156446,2,ward
-2.100526546616958,2.007769498788168,2,ward
2.3945202790495226,1.6194035458679534,0,ward
1.5680945029317348,2.692369401476453,0,ward
-0.5247913471802715,-3.0769357258437577,1,ward
-2.283876465487233,1.911323427270119,2,ward
0.6499135291787688,2.8684899738959406,0,ward
-2.7897755717103165,-1.159105113274168,1,ward
0.1001344411678979,-2.875770919661298,1,ward
-0.1318378698459262,2.824900429781426,0,ward
1.3265090884267543,-2.532600424174061,1,ward
2.608609787145564,-1.2778459826129187,0,ward
-2.3127409353967434,-1.6231329427345806,1,ward
-1.4744633746923408,-2.6405306822896115,1,ward
2.9413308359062027,1.008611883657625,0,ward
2.6016940101665607,-0.9270785455472196,0,ward
-2.344052751700437,1.878309544514137,2,ward
2.6342555515515214,-1.365226661710858,0,ward
-2.6831982300967057,-1.452731636982796,1,ward
2.996796783117883,0.0869937708389718,0,ward
2.7007844794576856,0.6671320994232773,0,ward
-1.1900167398098598,-2.5462848214001745,1,ward
-2.7745008908692177,-1.152668861336766,1,ward
3.110586748916175,0.5234182689845555,0,ward
-0.1095980768553533,-2.6656197602392298,1,ward
1.826954818427612,-2.4446020878202512,1,ward
-3.1776381030890746,0.0715395146286372,2,ward
-2.9084069857004318,0.635588229607884,2,ward
3.080707895645273,0.1059828799001513,0,ward
0.6606704435818377,-2.8181331196646715,1,ward
-1.4483780678119702,2.6067397223057185,2,ward
1.9949455690282685,-1.9027573740228705,1,ward
-1.8497070022230828,1.8953452991932096,2,ward
-2.8824369460092787,-1.2490174694104763,1,ward
-0.3635579438197708,2.8289856882291766,0,ward
1.56170721164479,2.4810812967311198,0,ward
0.4351744719080125,-2.757911374354441,1,ward
-2.787864704713988,0.0597325967611062,2,ward
-2.896110853035445,-0.6758460894534882,1,ward
2.822587626302152,-0.623182141892294,0,ward
2.977012235619742,-0.6933876577069911,0,ward
1.890090634838645,-2.4164953480488145,1,ward
1.164533762319725,2.816902917968493,0,ward
-2.51861454124715,-1.6948753455774317,1,ward
2.333477825662373,-2.2429630075018654,1,ward
-2.0013099419805385,2.014837125983831,2,ward
2.4081040441722577,1.7752919293028673,0,ward
1.1847292826862958,-2.9401878435530597,1,ward
-3.1687647943957584,0.36468394139824,2,ward
-2.5617439561607345,-1.0969787535965687,1,ward
2.934580907044057,-0.3306209850654802,0,ward
-2.5039068546066074,-1.998564619979292,1,ward
-2.7407439301944003,1.3969259652062302,2,ward
-2.0734744248820265,2.208460642585657,2,ward
-2.578632620439381,1.4682655699137814,2,ward
2.1650910734972304,1.992554674585758,0,ward
0.8444536231918417,-2.92372439111433,1,ward
1.5511558290069671,-2.5235316458048054,1,ward
-0.6419653701279344,2.9239699888581843,0,ward
-0.998752388679226,2.8413678926064185,2,ward
2.040809471232889,-2.057954663964063,1,ward
3.044954953756564,0.4621005341632643,0,ward
-3.408781593256524,-0.4405867963781906,1,ward
-2.6625678218822686,0.6184597421024023,2,ward
-1.120007105773045,-2.835411345359803,1,ward
1.494105785204845,2.469104964294587,0,ward
-1.5152724283225778,-2.6890729158586524,1,ward
-2.149297639366249,2.1029669884170805,2,ward
-2.2873523724327764,-2.113468223475532,1,ward
3.076063762200648,0.7917565934305472,0,ward
-2.941707417329784,0.7213664528282179,2,ward
-3.138879966771015,-0.4417174633288646,1,ward
0.5886543923049389,2.58210609500148,0,ward
2.0702357126422477,2.490470995362897,0,ward
1.152272599490534,2.830722329117876,0,ward
-1.762987664797593,2.6245138227263127,2,ward
2.3117422908316216,1.6097955115984082,0,ward
2.7193028802861536,-0.9344666769001092,0,ward
-2.4992837526089704,1.6986478132188916,2,ward
1.0853666167244154,-2.7940386071803167,1,ward
3.0032393378917432,-0.4869477226794552,0,ward
2.764406645312497,1.536419031290141,0,ward
-1.5844204406449849,-2.2295792530495167,1,ward
2.1738550365164246,-2.2742314581870646,1,ward
-1.995563151447018,-2.241691988392855,1,ward
-2.6790363354800126,1.2807400191770026,2,ward
-2.522761017395608,1.1663477992869713,2,ward
2.997553381439824,0.6878308884601384,0,ward
-2.575790450151797,-0.5689768159583349,1,ward
3.0947104545345736,-0.1256230296163258,0,ward
2.6832698812814426,-0.7122226044769029,0,ward
2.911630619375311,0.7553698147340476,0,ward
-0.8176351996060168,-2.867845925783911,1,ward
-1.0146899304760326,3.008947426561237,2,ward
2.437767029626975,-1.7021223236633194,1,ward
2.780311314553207,0.8099292727348987,0,ward
2.689860659017223,-1.1465085042238312,0,ward
1.6668429333772066,-2.7209712079599444,1,ward
2.278335487331706,2.0732404598378684,0,ward
2.7367407558270496,1.0800597381089434,0,ward
1.5043805939762762,-2.5544657280855403,1,ward
1.543213355649059,2.294187034260225,0,ward
-2.985044366779535,-0.6652311130205162,1,ward
2.361506353257369,-1.3817145187819468,0,ward
-2.837405748574557,-1.28002437107421,1,ward
-2.4114412806610117,1.816888167233294,2,ward
-3.159632593143097,1.1371776998639498,2,ward
2.614952985254845,1.0950482166907929,0,ward
2.92726091341345,-0.5822240133542782,0,ward
-1.2161585816106049,3.035157097243846,2,ward
1.18197111926093,2.950784922386363,0,ward
-0.6502299123816446,2.821615887588079,0,ward
2.9579071438536197,-0.6734126859346363,0,ward
2.489029809637625,1.6752701625263176,0,ward
2.0447152818139784,-2.252706911023309,1,ward
-0.7579288469769125,-2.794228863827287,1,ward
1.439121833381874,-2.6170058261829587,1,ward
2.72870012733555,-0.4164232626760666,0,ward
1.6527149112931767,-2.527954774414184,1,ward
2.87544458869523,-1.0683602819598723,0,ward
2.07154341030646,2.122544255980179,0,ward
0.7824973458155906,-2.64439801529512,1,ward
-3.019516946907232,-0.8911694434244679,1,ward
-2.9413132030127263,-0.8244628204481521,1,ward
2.3273789441894537,-1.7151540354906103,1,ward
2.911612269757262,-0.5212918205640064,0,ward
-0.7768788501583668,-2.6639307394230403,1,ward
-2.829849781068915,0.3045309262003807,2,ward
-2.810487544466201,0.7897072078783394,2,ward
-2.406214884385248,2.0855842249321874,2,ward
-1.873514388054753,2.218916963106015,2,ward
-2.4041109916786554,1.950811315197232,2,ward
2.467228766840484,1.5603902643314225,0,ward
2.684736537832049,1.4201147073519271,0,ward
0.5557766347606364,-2.9264835922665475,1,ward
-2.952941170627469,1.0406918415186417,2,ward
2.647216576994873,-1.2318074976859423,0,ward
-2.1049975080962176,-1.7914656236138813,1,ward
2.724774914963213,0.6122235334245963,0,ward
1.6029085510533436,2.440975120715951,0,ward
0.7707790635538996,2.704967477588152,0,ward
3.0260217674629315,-0.4649400387714429,0,ward
0.5724674436035446,2.8736685312102623,0,ward
-3.3397587793036365,-0.331706507480951,1,ward
2.5220207921606344,-1.0693035857998694,0,ward
2.9994812361031173,-0.4327992267925699,0,ward
0.2423030622902336,2.820418011638075,0,ward
2.7877516576815977,0.888738993523773,0,ward
1.7200594561825624,2.4837719261681084,0,ward
2.444069663667564,1.0273045616819143,0,ward
1.026017215295414,2.856867887694933,0,ward
-2.9852025669131117,-1.3720991687070745,1,ward
2.499434542898403,-1.5327617684327637,0,ward
-2.956252629679881,-0.704213187458918,1,ward
-2.2161213289411323,-2.243851873444062,1,ward
0.8861890073054889,2.840372459763942,0,ward
0.9102745698362752,-2.766971289965956,1,ward
-1.963161184981324,-1.7928642900302565,1,ward
2.0348940116080225,-2.3335257795405155,1,ward
2.830249645695335,-0.9424030633370386,0,ward
-1.6435334916408446,2.3260388192633226,2,ward
2.54311472111869,1.6269189149548984,0,ward
0.4388094428887877,2.8792011589643747,0,ward
-2.7008008243954977,1.11192362952752,2,ward
2.912745096396119,-1.0343349533166966,0,ward
-2.020095771820299,1.9377751213075427,2,ward
0.410901489905771,-3.130243326404448,1,ward
-2.7005926470065966,-0.7020229033765373,1,ward
1.1885053909923706,2.6459223465715405,0,ward
-1.4138602060698329,2.9689812459530254,2,ward
-1.8109622765998088,-2.600698139976855,1,ward
-1.4047209558057996,-2.6673614259603693,1,ward
-2.622070524239805,1.1393736904118816,2,ward
0.3906940325076222,2.8943593424732903,0,ward
-0.5287291971335707,-2.9642054631620067,1,ward
1.466586124213416,2.6235334435093494,0,ward
2.7530458671832165,-1.1572123447551432,0,ward
1.1392593748260076,2.7702635621333207,0,ward
2.3183815867086617,1.8528905108365143,0,ward
-2.7833991506466,0.0411414179341451,2,ward
-2.9005033905395017,-0.3580824469676991,1,ward
-3.133037833055814,-0.161423887117259,2,ward
-2.576382507612056,1.082995811878486,2,ward
2.969989816375336,-0.0967935137828578,0,ward
-2.86635434265514,0.2476977347137124,2,ward
-2.987787836994612,0.4166751771142855,2,ward
-2.5934024395603124,1.388485587928291,2,ward
2.9417750480238327,1.3132876441324626,0,ward
-2.56607710205177,-1.6961566086801296,1,ward
0.3868200233952367,2.776412440557101,0,ward
-2.012118358900208,-2.3591571013201937,1,ward
2.737954569889374,0.9054943546484796,0,ward
2.8935497513566246,-0.339946923014976,0,ward
-2.98947310115338,0.5896639289187329,2,ward
2.3318217253669253,-1.76790147142253,1,ward
-3.09705388412928,0.479337336785994,2,ward
2.6790988316127677,1.067177293792002,0,ward
1.2742717510790582,-2.613005786609817,1,ward
-1.7321617791088382,-2.327783340148711,1,ward
0.5778243280395764,-2.857313945694976,1,ward
-2.8479834320109374,1.3803795737729,2,ward
-2.003135359700593,-2.358444731701541,1,ward
2.0157368466556327,-2.557643927715032,1,ward
-2.27013671720236,-2.4501140379617588,1,ward
-1.6386543801390931,2.3261706708042635,2,ward
-1.572537438848742,-2.5672192723289537,1,ward
-1.3313472690541333,-2.4899923144183864,1,ward
2.795398605021405,-0.70675766787174,0,ward
-2.0010514338466088,2.106573399905462,2,ward
-2.532392196007567,1.2886798859699786,2,ward
1.081445586964502,-2.6284353521841397,1,ward
-2.976405463488922,-0.1078099292156204,2,ward
-0.2374123398131544,-2.807471796443126,1,ward
-3.026675649454089,0.7830103939731144,2,ward
0.615705991931865,2.7953316543517497,0,ward
-0.1030898440074979,-3.419881914276888,1,ward
1.9917248584718448,2.152061897468387,0,ward
0.9558340903640408,2.855050571634434,0,ward
-1.9610496096871244,-2.0065468621416387,1,ward
-0.0558503492758316,-3.2554347137151347,1,ward
2.4993393987352244,-1.9465487465189844,1,ward
3.5620136942940386,-1.731970984027754,0,ward
-4.00317168145464,0.2061172879846547,2,ward
-3.7455308065587856,-0.6818070611788565,2,ward
-3.202168421913356,-2.388466935353418,1,ward
-0.314088954600268,-3.995737255412616,1,ward
3.3082620732780943,1.6039890224025206,0,ward
-3.8439823631802272,-0.3801219487055053,2,ward
-4.03395515523692,0.4686730366691656,2,ward
3.5766019199395926,-1.9172271662245304,0,ward
-3.823764058530003,0.1560937404282287,2,ward
-3.944319037018792,0.7956443143558198,2,ward
4.036768521745406,-0.9771940412750844,0,ward
-3.9196639544898937,1.2578984411678922,2,ward
1.676964687246573,3.6157503757019,0,ward
0.8110262076729823,3.845203824981149,0,ward
3.2276554929315493,2.1990766956944787,0,ward
4.070147035409879,0.0145291085273663,0,ward
-3.666488414476612,1.6708811894888898,2,ward
0.4938283210196849,-4.064521098265663,1,ward
-0.4168378589673993,-3.99811031187048,1,ward
4.038987650044109,0.8271510910056551,0,ward
-3.632330268937496,-1.7087683228640886,1,ward
2.329809073581417,3.3952128370093786,0,ward
3.850751572329073,-1.494577575549824,0,ward
1.9249008166216135,3.3680689288702714,0,ward
-2.6093489786587623,-2.6636603033134403,1,ward
-1.950349507215844,3.755253860439153,2,ward
-2.5435863904538265,-3.1368201908132907,1,ward
-3.188314803024303,1.960460031383576,2,ward
0.2357246003669005,-3.885783721117032,1,ward
0.498415672860317,4.085490942489467,0,ward
3.2846533876666872,-2.2084383296692747,0,ward
-3.923187383365132,-0.0051678823216107,2,ward
0.1611429168694195,-4.207047274207391,1,ward
2.2535302586150348,-3.112801797593761,1,ward
3.880171898730133,-0.0285587920847979,0,ward
0.657063589119846,3.977805501196874,0,ward
-0.932381268242734,3.950017889555558,0,ward
-0.0110872377128084,4.074436370044683,0,ward
-0.3341814785483623,4.123165213193626,0,ward
-3.501092809278034,-1.9953773424299412,1,ward
4.070034411745235,-0.1657386144770155,0,ward
3.953730796384789,-0.2418128221227788,0,ward
-3.952808603225991,-0.6712902199379174,2,ward
-2.5788438976502728,-3.078776599335133,1,ward
2.569687196161522,-3.107389014759355,1,ward
3.7558263971124526,-1.6835213819029309,0,ward
1.1672381086613328,3.912884385898287,0,ward
-3.942377750147473,-0.7146761989514107,2,ward
1.9288320912410684,-3.3650239213426496,1,ward
-1.315681108892708,3.788177895223425,2,ward
-3.713430849458342,1.4754076205687328,2,ward
4.012545617546074,-0.3635041171020817,0,ward
4.311877159267278,-0.4063160043688621,0,ward
3.258591876033756,-2.18156463449447,0,ward
1.2179070609947258,-3.876527001593344,1,ward
-0.4988630692212557,4.13025136893821,0,ward
-1.7287541642370725,3.623427581033393,2,ward
-4.160088097628787,-1.273599371270941,1,ward
-3.659248137873744,-1.469514026396772,1,ward
-4.046193673483503,-0.1399538655653066,2,ward
-2.5353223113067207,-2.9373339821725137,1,ward
-3.310320972249774,2.1500524866612567,2,ward
-0.0209493512939391,-4.037285734156133,1,ward
-2.068334784691788,3.571228259427772,2,ward
-1.9651443642670896,3.538843372129141,2,ward
2.9202614880073607,3.0031119676842826,0,ward
1.4971916858309973,3.693868107742504,0,ward
2.3323010018128123,-3.18814246225149,1,ward
-4.157031600150039,1.4588968270402205,2,ward
0.5626491348426912,4.019951262787468,0,ward
0.2283021667728764,-3.88537610452452,1,ward
-3.67391326013068,-1.2961828155004316,1,ward
3.8245581905534665,0.5114032377793027,0,ward
-1.676830349766317,3.785744227188776,2,ward
1.7468019020717942,3.537572289961992,0,ward
-2.240807232369692,-3.3364626320628976,1,ward
-0.6250163027357096,3.941222521300029,0,ward
3.7722636636491216,1.6309068235666695,0,ward
3.644555876508296,1.3104394307337486,0,ward
-3.343579105077723,-1.88568854239697,1,ward
3.996129087163886,0.5488543032407034,0,ward
2.378944046588681,-3.327146267634195,1,ward
2.2680052898131,3.3552464559597084,0,ward
-3.0411374318337345,-2.4072559047435718,1,ward
-3.856407110108049,1.3969370745030687,2,ward
-3.640426939643692,1.366421782933822,2,ward
3.529441942547491,1.7097699430034614,0,ward
1.2555892704189815,-3.648396900026245,1,ward
3.2831268088716743,-2.611620410556737,0,ward
4.085206774510536,0.2832295408681616,0,ward
1.774151094117559,3.686002621839811,0,ward
3.446767784791378,-2.3772768266439672,0,ward
-4.209800670776051,-1.353053884949292,1,ward
2.1996890998608736,3.0291961394786817,0,ward
1.1368085533864738,3.719392613765929,0,ward
-2.0940678602638787,-3.299092649445219,1,ward
-0.6101748323438562,-3.824001927665064,1,ward
-3.113405737329196,-2.244934630426976,1,ward
3.7849174414726217,-1.1475350118592695,0,ward
-3.814854193508019,0.142358095759451,2,ward
-1.2581772975622074,3.849878755256453,2,ward
-3.966818766341808,0.571355403258488,2,ward
-2.589104309894831,3.14308439485288,2,ward
0.6524230148046403,4.023607658033111,0,ward
3.921055542252776,1.1649519505754684,0,ward
-2.3623492313537624,3.1582198554250267,2,ward
-1.0368070492239458,-4.191853568037296,1,ward
4.008117389198536,0.4664213631698964,0,ward
-3.452236170335061,1.3874915617005237,2,ward
-2.378360520690232,-3.027070758052393,1,ward
-2.874830231076772,-2.3905873640984194,1,ward
0.667056547011636,-3.946624365084832,1,ward
1.4778536054024691,-3.697312033581772,1,ward
-0.9364346603569376,-3.816531972704804,1,ward
3.4351175742713607,2.5892208522984634,0,ward
-4.032176977941001,0.6380512258945484,2,ward
-3.271739602719847,-2.485739413015032,1,ward
0.1075328154813626,3.858840980069401,0,ward
3.7133388131744263,1.0171541306691256,0,ward
0.6616176776265986,3.9505011235380656,0,ward
-3.8653493024644177,1.1257694238181477,2,ward
-3.190492611980763,1.915911166163084,2,ward
1.7665080542796472,3.558625065352024,0,ward
1.803813151872008,-3.5725549776190846,1,ward
3.5430099674597,-1.7860411187134886,0,ward
1.1670772560478853,3.6982087924784506,0,ward
3.541589780168479,-1.678168442225856,0,ward
3.948476099628085,0.4449822915592595,0,ward
3.575731864001324,-1.822988527005627,0,ward
3.9055382215689383,-1.2168611211790366,0,ward
4.150201023265066,0.3148722605846865,0,ward
0.323238070827734,-3.94261959798782,1,ward
3.862867491612589,-0.7318121839635245,0,ward
3.3755192233951403,-2.2661347018048184,0,ward
4.022533804216676,-0.7487530651990755,0,ward
-3.739804383973624,-1.223545902312804,1,ward
3.6318648455210623,1.9421859225669849,0,ward
2.4330630916555296,-3.358168715062493,1,ward
-3.1661134922513856,-2.75014351012804,1,ward
-3.2051978786990865,-2.8163533539863908,1,ward
-3.3586641530519583,1.9226455657328945,2,ward
-3.6012311877848227,-1.7457995673701885,1,ward
2.2787287529152658,3.2895184097789376,0,ward
-0.2559853438974989,-3.9770591692894985,1,ward
3.4770587823254293,1.7721262436248737,0,ward
-0.4785658881294959,-3.746725959062663,1,ward
2.3384201571908108,-3.262391724942319,1,ward
-3.826768635571442,0.6686541354013115,2,ward
-4.00524676986509,-0.2477031977061699,2,ward
-1.4787143200656745,3.5881385251104287,2,ward
3.764655549774957,-0.731427827800579,0,ward
-0.4270534211417905,-4.012482842540397,1,ward
-2.734994306267449,2.9498177005139885,2,ward
1.8598158977974004,3.6391995634942673,0,ward
0.8221905204135261,4.2490639294982815,0,ward
-3.938198344338349,0.9083343280402806,2,ward
3.810459505697279,-1.4379815100114504,0,ward
-0.3817131870676636,-3.819338563491189,1,ward
0.8247724630380434,3.716547375950149,0,ward
2.6920225713474317,-3.2724272589745,1,ward
-2.7848300064273444,2.6750204550097725,2,ward
2.292611843730848,-3.084755902947696,1,ward
0.2082115705063899,3.988704505572493,0,ward
-2.9288748416821178,-2.7043750286925583,1,ward
3.4616304448908317,-1.718264679885446,0,ward
-0.1960487035494701,3.9493910591791015,0,ward
-1.4685854571802073,-3.918228339553445,1,ward
3.8667819794996223,-0.3089034972480475,0,ward
2.2167191775395496,3.075296957050939,0,ward
3.518790414383722,2.1838537556896083,0,ward
-1.8678181134190277,-3.620423290876809,1,ward
-2.0879578490525668,3.3021921735976014,2,ward
3.391939100974603,1.6286411195941837,0,ward
-3.841595933467072,0.600889419909726,2,ward
0.0945642609668783,-3.9906740795604208,1,ward
-0.9138486239150015,4.073605283701989,0,ward
-1.957990777091607,3.308557094304052,2,ward
2.25567796511144,-3.2879558681847123,1,ward
-4.068699274951282,-0.5158640895623017,2,ward
2.0044212712062874,-3.041769111496617,1,ward
-3.921562267000753,1.3732948878465931,2,ward
3.656984829209314,-1.1130950241505442,0,ward
-2.3640253307391355,-3.288199933161721,1,ward
3.013074163783065,2.686777446317924,0,ward
3.1240861617769027,-2.751010122748191,0,ward
-4.073355521645626,0.2751603150969554,2,ward
2.2933626979887114,2.8310595052461425,0,ward
2.228537046532288,3.178953412862197,0,ward
-1.5378749721908922,-3.7149988546341226,1,ward
3.7961520707247054,1.1645209223533015,0,ward
-0.9279470464372658,3.964489837913953,0,ward
2.629402890393643,3.1697791795132084,0,ward
-3.814073121944384,1.4803101392198958,2,ward
-3.407073505972833,2.0336551460929355,2,ward
-3.687934038036009,-0.5101369677058201,2,ward
-0.7278962419551257,3.86371032604712,0,ward
3.9803949228086775,0.8124030348468093,0,ward
-2.887515399216188,-2.525959680689142,1,ward
-2.87196785141908,2.918612129372657,2,ward
-2.4030778912088824,-3.366579141964516,1,ward
3.118064012685073,2.5357995439349983,0,ward
3.5271759784199905,0.3060973484687258,0,ward
0.0408147474577056,3.808068026316105,0,ward
-4.1242914660530605,1.154857289019264,2,ward
-3.081787706676739,2.419392487676247,2,ward
1.369477978862627,-3.439787311023464,1,ward
-3.0117369826827254,2.9062120579193547,2,ward
-3.9290230217271978,-0.7607948593123879,2,ward
-3.4670920096573035,-2.309257821619937,1,ward
4.003580952118191,0.5526444223229574,0,ward
-4.050404153632921,-0.3863008885821524,2,ward
-2.2753831252478,3.355772293252079,2,ward
-3.612697169706773,1.948422735975528,2,ward
3.507826011998265,2.558275536449485,0,ward
0.8488602018960782,-4.057814456100552,1,ward
3.519227433057636,-1.3322252891644542,0,ward
4.027253575698151,0.5671960435500653,0,ward
-3.353316893934829,-2.4807982068910794,1,ward
0.3631734830236149,-4.1645998603404655,1,ward
-0.8539693267093091,3.842252623804046,0,ward
0.9759917710055896,-4.059052604643546,1,ward
-2.78849443104698,-3.058914116411204,1,ward
3.958580730556938,-1.888269328831569,0,ward
3.8598448614013305,-0.4628734935314232,0,ward
3.785816486804475,1.031748797828168,0,ward
-3.71979577903346,1.3408523236169925,2,ward
-3.7565856654007215,-1.1424555606140774,1,ward
2.336198699148003,3.080904707942226,0,ward
-1.8500927482606448,3.071428767673442,2,ward
3.92294974691704,-0.3050862114649097,0,ward
4.034334468187644,0.4128494173412127,0,ward
-3.752516885490166,1.1542202280128289,2,ward
2.358959158181386,-3.583580244335568,1,ward
-1.7922129281587251,3.578271624811061,2,ward
-4.159917368421336,0.5308713258477813,2,ward
4.000844535608326,-0.5554144051006197,0,ward
-4.072687832940989,0.6482815289115134,2,ward
2.749759165792164,2.9623755419231923,0,ward
3.9852049748482874,1.3426981129504851,0,ward
3.7749588844812823,-1.3479180419742929,0,ward
-0.4040608486279766,4.054333204713811,0,ward
-4.053628099499468,-0.103528968118154,2,ward
3.331419762848402,2.134846541398488,0,ward
-3.602445236906327,1.8740483819981733,2,ward
3.923791089286517,-1.8432194187778863,0,ward
-3.958985399809797,-0.0600279099249278,2,ward
3.996282679785512,-0.7328311589907991,0,ward
-0.2324183732412295,4.182213722220729,0,ward
-4.169337173713843,-0.1191027446234814,2,ward
2.5417148755247827,-3.0909138262776383,1,ward
-3.4516469823358364,1.1635629996885597,2,ward
-0.7511436663761888,4.0077217549879975,0,ward
2.256222886323863,-2.8908347689787264,1,ward
-3.2500747628455566,2.692499732768657,2,ward
-3.9506510666562646,-0.7722506240220982,2,ward
4.104898478500617,-0.6098382066867111,0,ward
1.5017288417536998,3.5609812863036097,0,ward
-1.1955896411181746,3.5723644452687817,2,ward
3.962393363757201,0.7835010726995818,0,ward
-3.10736674013314,2.510771439452117,2,ward
1.2089793420491024,3.735499462956052,0,ward
-1.7077271973098964,-3.631173725660567,1,ward
1.8466306159189687,4.010386417873081,0,ward
-1.8771150418317888,-3.673355348530683,1,ward
-0.3515829668355092,4.142531871844872,0,ward
-2.5336768961050486,3.2571814225244373,2,ward
-2.4570671302813825,3.433281793736571,2,ward
-0.8236421828472092,-3.885143550767806,1,ward
-3.610350541762769,0.7711364257329023,2,ward
-2.5565554072833736,3.039493592080444,2,ward
2.477329064801317,-3.29419931714845,1,ward
-3.4673070002489506,-1.6838002345972507,1,ward
0.895265691156119,3.871377024134001,0,ward
3.153432877908505,-2.2883410287614283,0,ward
-2.3231224543219136,3.5293482729235466,2,ward
3.989695852794797,0.9971526220110788,0,ward
-4.09537288009787,0.1390003031992484,2,ward
2.913605643264246,2.874981298306923,0,ward
0.2892116922993941,3.9839288036909135,0,ward
-0.0731456052847692,-4.0289695209033,1,ward
2.603300297023007,2.7986087566690347,0,ward
1.2859685507224954,-3.439493626087562,1,ward
3.710558187880684,-1.5531780607977856,0,ward
-3.174985308271625,-2.512094428504726,1,ward
-1.0307263114994252,-4.052360172888553,1,ward
-0.9606621139631556,-4.125322526500201,1,ward
4.231175978529888,-0.1913325996154633,0,ward
-2.0944158398650323,3.230821122773149,2,ward
2.0548407229902166,3.370119226516386,0,ward
-4.042555930860708,-0.4892176654885478,2,ward
-4.284554167477799,-0.9083602690703853,1,ward
1.847596947489179,3.7962870243534206,0,ward
-3.1589153521637976,-2.718956420651764,1,ward
3.9263185390736224,0.3493718960981001,0,ward
3.474938050606044,-1.697797668394191,0,ward
-0.376601086421212,4.101080898233622,0,ward
3.717041519571929,0.943433393046568,0,ward
3.0821034560673777,2.4931493803068063,0,ward
0.2438632002474486,3.97531050551504,0,ward
